{
  "openapi" : "3.0.3",
  "info" : {
    "title" : "Swagger Game Library",
    "termsOfService" : "https://www.example.com",
    "license" : {
      "name" : "MIT"
    },
    "version" : "1.0.11"
  },
  "servers" : [ {
    "url" : "http://localhost:{port}",
    "description" : "Local server",
    "variables" : {
      "port" : {
        "default" : "50352"
      }
    }
  } ],
  "paths" : {
    "/games" : {
      "get" : {
        "tags" : [ "games" ],
        "summary" : "List all games",
        "operationId" : "listGames",
        "parameters" : [ {
          "name" : "limit",
          "in" : "query",
          "description" : "How many items to return at one time (max 100)",
          "required" : false,
          "style" : "form",
          "explode" : true,
          "schema" : {
            "maximum" : 100,
            "type" : "integer",
            "format" : "int32"
          }
        } ],
        "responses" : {
          "200" : {
            "description" : "A paged array of games",
            "headers" : {
              "x-next" : {
                "description" : "A link to the next page of responses",
                "style" : "simple",
                "explode" : false,
                "schema" : {
                  "type" : "string"
                }
              }
            },
            "content" : {
              "application/json" : {
                "schema" : {
                  "$ref" : "#/components/schemas/Games"
                }
              }
            }
          },
          "default" : {
            "description" : "unexpected error",
            "content" : {
              "application/json" : {
                "schema" : {
                  "$ref" : "#/components/schemas/Error"
                }
              }
            }
          }
        }
      },
      "post" : {
        "tags" : [ "games" ],
        "summary" : "Create a game",
        "operationId" : "createGames",
        "requestBody" : {
          "content" : {
            "application/json" : {
              "schema" : {
                "$ref" : "#/components/schemas/Game"
              }
            }
          },
          "required" : true
        },
        "responses" : {
          "200" : {
            "description" : "Successful operation",
            "content" : {
              "application/json" : {
                "schema" : {
                  "$ref" : "#/components/schemas/Game"
                }
              }
            }
          },
          "201" : {
            "description" : "Added game successfully"
          },
          "405" : {
            "description" : "Invalid input"
          },
          "default" : {
            "description" : "unexpected error",
            "content" : {
              "application/json" : {
                "schema" : {
                  "$ref" : "#/components/schemas/Error"
                }
              }
            }
          }
        }
      }
    },
    "/games/{gameId}" : {
      "get" : {
        "tags" : [ "games" ],
        "summary" : "Info for a specific game",
        "operationId" : "showGameById",
        "parameters" : [ {
          "name" : "gameId",
          "in" : "path",
          "description" : "The id of the game to retrieve",
          "required" : true,
          "style" : "simple",
          "explode" : false,
          "schema" : {
            "type" : "string"
          }
        } ],
        "responses" : {
          "200" : {
            "description" : "Expected response to a valid request",
            "content" : {
              "application/json" : {
                "schema" : {
                  "$ref" : "#/components/schemas/Game"
                }
              }
            }
          },
          "400" : {
            "description" : "Invalid ID supplied"
          },
          "404" : {
            "description" : "Game not found"
          },
          "default" : {
            "description" : "unexpected error",
            "content" : {
              "application/json" : {
                "schema" : {
                  "$ref" : "#/components/schemas/Error"
                }
              }
            }
          }
        }
      },
      "put" : {
        "tags" : [ "games" ],
        "summary" : "Update an existing game entirely",
        "description" : "Update an existing game by Id",
        "operationId" : "updateGame",
        "parameters" : [ {
          "name" : "gameId",
          "in" : "path",
          "description" : "ID of the game to update",
          "required" : true,
          "style" : "simple",
          "explode" : false,
          "schema" : {
            "type" : "string"
          }
        } ],
        "requestBody" : {
          "description" : "Updated game data",
          "content" : {
            "application/json" : {
              "schema" : {
                "$ref" : "#/components/schemas/Game"
              }
            }
          },
          "required" : true
        },
        "responses" : {
          "200" : {
            "description" : "Successful operation",
            "content" : {
              "application/json" : {
                "schema" : {
                  "$ref" : "#/components/schemas/Game"
                }
              },
              "application/xml" : {
                "schema" : {
                  "$ref" : "#/components/schemas/Game"
                }
              }
            }
          },
          "400" : {
            "description" : "Invalid ID supplied"
          },
          "404" : {
            "description" : "Game not found"
          },
          "405" : {
            "description" : "Validation exception"
          }
        }
      },
      "delete" : {
        "tags" : [ "games" ],
        "summary" : "Delete a game by ID",
        "operationId" : "deleteGameById",
        "parameters" : [ {
          "name" : "gameId",
          "in" : "path",
          "description" : "ID of the game to delete",
          "required" : true,
          "style" : "simple",
          "explode" : false,
          "schema" : {
            "type" : "string"
          }
        } ],
        "responses" : {
          "204" : {
            "description" : "Game deleted successfully"
          },
          "404" : {
            "description" : "Game not found"
          }
        }
      },
      "patch" : {
        "tags" : [ "games" ],
        "summary" : "Update an existing game partially",
        "description" : "Update an existing game partially by Id",
        "operationId" : "updateGamePartially",
        "parameters" : [ {
          "name" : "gameId",
          "in" : "path",
          "description" : "ID of the game to update",
          "required" : true,
          "style" : "simple",
          "explode" : false,
          "schema" : {
            "type" : "string"
          }
        } ],
        "requestBody" : {
          "description" : "JSON patch document",
          "content" : {
            "application/json" : {
              "schema" : {
                "type" : "array",
                "items" : {
                  "$ref" : "#/components/schemas/PatchForm"
                }
              }
            }
          },
          "required" : true
        },
        "responses" : {
          "200" : {
            "description" : "Successful operation",
            "content" : {
              "application/json" : {
                "schema" : {
                  "$ref" : "#/components/schemas/Game"
                }
              },
              "application/xml" : {
                "schema" : {
                  "$ref" : "#/components/schemas/Game"
                }
              }
            }
          },
          "400" : {
            "description" : "Invalid ID supplied"
          },
          "404" : {
            "description" : "Game not found"
          },
          "405" : {
            "description" : "Validation exception"
          }
        }
      }
    },
    "/user" : {
      "post" : {
        "tags" : [ "user" ],
        "summary" : "Create user",
        "description" : "This can only be done by the logged in user.",
        "operationId" : "createUser",
        "requestBody" : {
          "description" : "Created user object",
          "content" : {
            "application/json" : {
              "schema" : {
                "$ref" : "#/components/schemas/User"
              }
            },
            "application/xml" : {
              "schema" : {
                "$ref" : "#/components/schemas/User"
              }
            },
            "application/x-www-form-urlencoded" : {
              "schema" : {
                "$ref" : "#/components/schemas/User"
              }
            }
          }
        },
        "responses" : {
          "default" : {
            "description" : "successful operation",
            "content" : {
              "application/json" : {
                "schema" : {
                  "$ref" : "#/components/schemas/User"
                }
              },
              "application/xml" : {
                "schema" : {
                  "$ref" : "#/components/schemas/User"
                }
              }
            }
          }
        }
      }
    },
    "/user/createWithList" : {
      "post" : {
        "tags" : [ "user" ],
        "summary" : "Creates list of users with given input array",
        "description" : "Creates list of users with given input array",
        "operationId" : "createUsersWithListInput",
        "requestBody" : {
          "content" : {
            "application/json" : {
              "schema" : {
                "type" : "array",
                "items" : {
                  "$ref" : "#/components/schemas/User"
                }
              }
            }
          }
        },
        "responses" : {
          "200" : {
            "description" : "Successful operation",
            "content" : {
              "application/json" : {
                "schema" : {
                  "$ref" : "#/components/schemas/User"
                }
              },
              "application/xml" : {
                "schema" : {
                  "$ref" : "#/components/schemas/User"
                }
              }
            }
          },
          "default" : {
            "description" : "successful operation"
          }
        }
      }
    },
    "/user/login" : {
      "get" : {
        "tags" : [ "user" ],
        "summary" : "Logs user into the system",
        "description" : "",
        "operationId" : "loginUser",
        "parameters" : [ {
          "name" : "username",
          "in" : "query",
          "description" : "The user name for login",
          "required" : false,
          "style" : "form",
          "explode" : true,
          "schema" : {
            "type" : "string"
          }
        }, {
          "name" : "password",
          "in" : "query",
          "description" : "The password for login in clear text",
          "required" : false,
          "style" : "form",
          "explode" : true,
          "schema" : {
            "type" : "string"
          }
        } ],
        "responses" : {
          "200" : {
            "description" : "successful operation",
            "headers" : {
              "X-Rate-Limit" : {
                "description" : "calls per hour allowed by the user",
                "style" : "simple",
                "explode" : false,
                "schema" : {
                  "type" : "integer",
                  "format" : "int32"
                }
              },
              "X-Expires-After" : {
                "description" : "date in UTC when token expires",
                "style" : "simple",
                "explode" : false,
                "schema" : {
                  "type" : "string",
                  "format" : "date-time"
                }
              }
            },
            "content" : {
              "application/xml" : {
                "schema" : {
                  "type" : "string",
                  "x-content-type" : "application/xml"
                }
              },
              "application/json" : {
                "schema" : {
                  "type" : "string"
                }
              }
            }
          },
          "400" : {
            "description" : "Invalid username/password supplied"
          }
        }
      }
    },
    "/user/logout" : {
      "get" : {
        "tags" : [ "user" ],
        "summary" : "Logs out current logged in user session",
        "description" : "",
        "operationId" : "logoutUser",
        "parameters" : [ ],
        "responses" : {
          "default" : {
            "description" : "successful operation"
          }
        }
      }
    },
    "/user/{username}" : {
      "get" : {
        "tags" : [ "user" ],
        "summary" : "Get user by user name",
        "description" : "",
        "operationId" : "getUserByName",
        "parameters" : [ {
          "name" : "username",
          "in" : "path",
          "description" : "The name that needs to be fetched. Use user1 for testing. ",
          "required" : true,
          "style" : "simple",
          "explode" : false,
          "schema" : {
            "type" : "string"
          }
        } ],
        "responses" : {
          "200" : {
            "description" : "successful operation",
            "content" : {
              "application/json" : {
                "schema" : {
                  "$ref" : "#/components/schemas/User"
                }
              },
              "application/xml" : {
                "schema" : {
                  "$ref" : "#/components/schemas/User"
                }
              }
            }
          },
          "400" : {
            "description" : "Invalid username supplied"
          },
          "404" : {
            "description" : "User not found"
          }
        }
      },
      "put" : {
        "tags" : [ "user" ],
        "summary" : "Update user",
        "description" : "This can only be done by the logged in user.",
        "operationId" : "updateUser",
        "parameters" : [ {
          "name" : "username",
          "in" : "path",
          "description" : "name that need to be deleted",
          "required" : true,
          "style" : "simple",
          "explode" : false,
          "schema" : {
            "type" : "string"
          }
        } ],
        "requestBody" : {
          "description" : "Update an existent user in the store",
          "content" : {
            "application/json" : {
              "schema" : {
                "$ref" : "#/components/schemas/User"
              }
            },
            "application/xml" : {
              "schema" : {
                "$ref" : "#/components/schemas/User"
              }
            },
            "application/x-www-form-urlencoded" : {
              "schema" : {
                "$ref" : "#/components/schemas/User"
              }
            }
          }
        },
        "responses" : {
          "default" : {
            "description" : "successful operation"
          }
        }
      },
      "delete" : {
        "tags" : [ "user" ],
        "summary" : "Delete user",
        "description" : "This can only be done by the logged in user.",
        "operationId" : "deleteUser",
        "parameters" : [ {
          "name" : "username",
          "in" : "path",
          "description" : "The name that needs to be deleted",
          "required" : true,
          "style" : "simple",
          "explode" : false,
          "schema" : {
            "type" : "string"
          }
        } ],
        "responses" : {
          "400" : {
            "description" : "Invalid username supplied"
          },
          "404" : {
            "description" : "User not found"
          }
        }
      }
    }
  },
  "components" : {
    "schemas" : {
      "Game" : {
        "required" : [ "id", "name" ],
        "type" : "object",
        "properties" : {
          "id" : {
            "type" : "integer",
            "format" : "int64"
          },
          "name" : {
            "type" : "string"
          },
          "platform" : {
            "type" : "string"
          },
          "story" : {
            "type" : "string"
          }
        },
        "example" : {
          "name" : "name",
          "id" : 0,
          "platform" : "platform",
          "story" : "story"
        }
      },
      "User" : {
        "type" : "object",
        "properties" : {
          "id" : {
            "type" : "integer",
            "format" : "int64",
            "example" : 10
          },
          "username" : {
            "type" : "string",
            "example" : "theUser"
          },
          "firstName" : {
            "type" : "string",
            "example" : "John"
          },
          "lastName" : {
            "type" : "string",
            "example" : "James"
          },
          "email" : {
            "type" : "string",
            "example" : "john@email.com"
          },
          "password" : {
            "type" : "string",
            "example" : "12345"
          },
          "phone" : {
            "type" : "string",
            "example" : "12345"
          },
          "userStatus" : {
            "type" : "integer",
            "description" : "User Status",
            "format" : "int32",
            "example" : 1
          }
        },
        "example" : {
          "firstName" : "John",
          "lastName" : "James",
          "password" : "12345",
          "userStatus" : 1,
          "phone" : "12345",
          "id" : 10,
          "email" : "john@email.com",
          "username" : "theUser"
        },
        "xml" : {
          "name" : "user"
        }
      },
      "Games" : {
        "maxItems" : 100,
        "type" : "array",
        "items" : {
          "$ref" : "#/components/schemas/Game"
        }
      },
      "PatchForm" : {
        "type" : "object",
        "properties" : {
          "op" : {
            "type" : "string",
            "enum" : [ "replace", "add", "remove" ]
          },
          "path" : {
            "type" : "string",
            "example" : "/title"
          },
          "value" : {
            "type" : "string",
            "example" : "New Title"
          }
        }
      },
      "Error" : {
        "required" : [ "code", "message" ],
        "type" : "object",
        "properties" : {
          "code" : {
            "type" : "integer",
            "format" : "int32"
          },
          "message" : {
            "type" : "string"
          }
        }
      }
    },
    "requestBodies" : {
      "UserArray" : {
        "description" : "List of user object",
        "content" : {
          "application/json" : {
            "schema" : {
              "type" : "array",
              "items" : {
                "$ref" : "#/components/schemas/User"
              }
            }
          }
        }
      }
    }
  }
}
